{"assets/animation/failure.json":["assets/animation/failure.json"],"assets/animation/success.json":["assets/animation/success.json"],"assets/icons/bottom_nav/home_icon.png":["assets/icons/bottom_nav/home_icon.png"],"assets/icons/bottom_nav/live_class_icon.png":["assets/icons/bottom_nav/live_class_icon.png"],"assets/icons/bottom_nav/profile_icon.png":["assets/icons/bottom_nav/profile_icon.png"],"assets/icons/bottom_nav/test_icon.png":["assets/icons/bottom_nav/test_icon.png"],"assets/icons/profile/about_us.png":["assets/icons/profile/about_us.png"],"assets/icons/profile/complain.png":["assets/icons/profile/complain.png"],"assets/icons/profile/contact.png":["assets/icons/profile/contact.png"],"assets/icons/profile/contact_us.png":["assets/icons/profile/contact_us.png"],"assets/icons/profile/logout.png":["assets/icons/profile/logout.png"],"assets/icons/profile/new_policy.png":["assets/icons/profile/new_policy.png"],"assets/icons/profile/password.png":["assets/icons/profile/password.png"],"assets/icons/profile/policy.png":["assets/icons/profile/policy.png"],"assets/icons/profile/user_profile.png":["assets/icons/profile/user_profile.png"],"assets/icons/s_home/application_form.png":["assets/icons/s_home/application_form.png"],"assets/icons/s_home/attendance.png":["assets/icons/s_home/attendance.png"],"assets/icons/s_home/calendar.png":["assets/icons/s_home/calendar.png"],"assets/icons/s_home/due_amount.png":["assets/icons/s_home/due_amount.png"],"assets/icons/s_home/home_work.png":["assets/icons/s_home/home_work.png"],"assets/icons/s_home/noticeboard.png":["assets/icons/s_home/noticeboard.png"],"assets/icons/s_home/profile.png":["assets/icons/s_home/profile.png"],"assets/icons/s_home/receipt_icon.png":["assets/icons/s_home/receipt_icon.png"],"assets/icons/s_home/study_material.png":["assets/icons/s_home/study_material.png"],"assets/icons/t_home/complains.png":["assets/icons/t_home/complains.png"],"assets/icons/t_home/students.png":["assets/icons/t_home/students.png"],"assets/images/common/.DS_Store":["assets/images/common/.DS_Store"],"assets/images/common/app_logo.png":["assets/images/common/app_logo.png"],"assets/images/common/dash_back.png":["assets/images/common/dash_back.png"],"assets/images/common/diamonds.png":["assets/images/common/diamonds.png"],"assets/images/common/notification.png":["assets/images/common/notification.png"],"assets/images/common/slider.png":["assets/images/common/slider.png"],"assets/images/common/top_back.png":["assets/images/common/top_back.png"],"assets/images/common/user_pic.png":["assets/images/common/user_pic.png"],"assets/svg/bottom1.svg":["assets/svg/bottom1.svg"],"assets/svg/bottom2.svg":["assets/svg/bottom2.svg"],"assets/svg/bottom3.svg":["assets/svg/bottom3.svg"],"assets/svg/top.svg":["assets/svg/top.svg"],"assets/svg/top1.svg":["assets/svg/top1.svg"],"fonts/SFProText-Bold.otf":["fonts/SFProText-Bold.otf"],"fonts/SFProText-Medium.otf":["fonts/SFProText-Medium.otf"],"fonts/SFProText-Regular.otf":["fonts/SFProText-Regular.otf"],"packages/cupertino_icons/assets/CupertinoIcons.ttf":["packages/cupertino_icons/assets/CupertinoIcons.ttf"],"packages/flutter_inappwebview/assets/t_rex_runner/t-rex.css":["packages/flutter_inappwebview/assets/t_rex_runner/t-rex.css"],"packages/flutter_inappwebview/assets/t_rex_runner/t-rex.html":["packages/flutter_inappwebview/assets/t_rex_runner/t-rex.html"],"packages/flutter_math_fork/lib/katex_fonts/fonts/KaTeX_AMS-Regular.ttf":["packages/flutter_math_fork/lib/katex_fonts/fonts/KaTeX_AMS-Regular.ttf"],"packages/flutter_math_fork/lib/katex_fonts/fonts/KaTeX_Caligraphic-Bold.ttf":["packages/flutter_math_fork/lib/katex_fonts/fonts/KaTeX_Caligraphic-Bold.ttf"],"packages/flutter_math_fork/lib/katex_fonts/fonts/KaTeX_Caligraphic-Regular.ttf":["packages/flutter_math_fork/lib/katex_fonts/fonts/KaTeX_Caligraphic-Regular.ttf"],"packages/flutter_math_fork/lib/katex_fonts/fonts/KaTeX_Fraktur-Bold.ttf":["packages/flutter_math_fork/lib/katex_fonts/fonts/KaTeX_Fraktur-Bold.ttf"],"packages/flutter_math_fork/lib/katex_fonts/fonts/KaTeX_Fraktur-Regular.ttf":["packages/flutter_math_fork/lib/katex_fonts/fonts/KaTeX_Fraktur-Regular.ttf"],"packages/flutter_math_fork/lib/katex_fonts/fonts/KaTeX_Main-Bold.ttf":["packages/flutter_math_fork/lib/katex_fonts/fonts/KaTeX_Main-Bold.ttf"],"packages/flutter_math_fork/lib/katex_fonts/fonts/KaTeX_Main-BoldItalic.ttf":["packages/flutter_math_fork/lib/katex_fonts/fonts/KaTeX_Main-BoldItalic.ttf"],"packages/flutter_math_fork/lib/katex_fonts/fonts/KaTeX_Main-Italic.ttf":["packages/flutter_math_fork/lib/katex_fonts/fonts/KaTeX_Main-Italic.ttf"],"packages/flutter_math_fork/lib/katex_fonts/fonts/KaTeX_Main-Regular.ttf":["packages/flutter_math_fork/lib/katex_fonts/fonts/KaTeX_Main-Regular.ttf"],"packages/flutter_math_fork/lib/katex_fonts/fonts/KaTeX_Math-BoldItalic.ttf":["packages/flutter_math_fork/lib/katex_fonts/fonts/KaTeX_Math-BoldItalic.ttf"],"packages/flutter_math_fork/lib/katex_fonts/fonts/KaTeX_Math-Italic.ttf":["packages/flutter_math_fork/lib/katex_fonts/fonts/KaTeX_Math-Italic.ttf"],"packages/flutter_math_fork/lib/katex_fonts/fonts/KaTeX_SansSerif-Bold.ttf":["packages/flutter_math_fork/lib/katex_fonts/fonts/KaTeX_SansSerif-Bold.ttf"],"packages/flutter_math_fork/lib/katex_fonts/fonts/KaTeX_SansSerif-Italic.ttf":["packages/flutter_math_fork/lib/katex_fonts/fonts/KaTeX_SansSerif-Italic.ttf"],"packages/flutter_math_fork/lib/katex_fonts/fonts/KaTeX_SansSerif-Regular.ttf":["packages/flutter_math_fork/lib/katex_fonts/fonts/KaTeX_SansSerif-Regular.ttf"],"packages/flutter_math_fork/lib/katex_fonts/fonts/KaTeX_Script-Regular.ttf":["packages/flutter_math_fork/lib/katex_fonts/fonts/KaTeX_Script-Regular.ttf"],"packages/flutter_math_fork/lib/katex_fonts/fonts/KaTeX_Size1-Regular.ttf":["packages/flutter_math_fork/lib/katex_fonts/fonts/KaTeX_Size1-Regular.ttf"],"packages/flutter_math_fork/lib/katex_fonts/fonts/KaTeX_Size2-Regular.ttf":["packages/flutter_math_fork/lib/katex_fonts/fonts/KaTeX_Size2-Regular.ttf"],"packages/flutter_math_fork/lib/katex_fonts/fonts/KaTeX_Size3-Regular.ttf":["packages/flutter_math_fork/lib/katex_fonts/fonts/KaTeX_Size3-Regular.ttf"],"packages/flutter_math_fork/lib/katex_fonts/fonts/KaTeX_Size4-Regular.ttf":["packages/flutter_math_fork/lib/katex_fonts/fonts/KaTeX_Size4-Regular.ttf"],"packages/flutter_math_fork/lib/katex_fonts/fonts/KaTeX_Typewriter-Regular.ttf":["packages/flutter_math_fork/lib/katex_fonts/fonts/KaTeX_Typewriter-Regular.ttf"],"packages/wakelock_web/assets/no_sleep.js":["packages/wakelock_web/assets/no_sleep.js"],"packages/youtube_player_flutter/assets/speedometer.webp":["packages/youtube_player_flutter/assets/speedometer.webp"]}